day_of_week,bin_start_ct,weeks_observed,mean_wait_minutes,min_wait_minutes,max_wait_minutes,mean_parties_ahead,share_of_minutes_with_line
Mon,06:30,1,0,0,0,0,0.0
Mon,06:45,1,0,0,0,0,0.0
Mon,07:00,1,0,0,0,0,0.0
Mon,07:15,1,4.0,4.0,4.0,0.4,0.4
Mon,07:30,1,0,0,0,0,0.0
Mon,07:45,1,0,0,0,0,0.0
Mon,08:00,1,0,0,0,0,0.0
Mon,08:15,1,0,0,0,0,0.0
Mon,08:30,1,0,0,0,0,0.0
Mon,08:45,1,0,0,0,0,0.0
Mon,09:00,1,0,0,0,0,0.0
Mon,09:15,1,0,0,0,0,0.0
Mon,09:30,1,0.7,0.7,0.7,0.1,0.067
Mon,09:45,1,0,0,0,0,0.0
Mon,10:00,1,10.0,10.0,10.0,2.8,0.6
Mon,10:15,1,22.7,22.7,22.7,9.7,1.0
Mon,10:30,1,23.3,23.3,23.3,9.7,1.0
Mon,10:45,1,26.0,26.0,26.0,11.7,1.0
Mon,11:00,1,21.3,21.3,21.3,8.9,1.0
Mon,11:15,1,16.3,16.3,16.3,4.1,1.0
Mon,11:30,1,13.3,13.3,13.3,1.7,1.0
Mon,11:45,1,9.3,9.3,9.3,1.2,0.667
Mon,12:00,1,0,0,0,0,0.0
Mon,12:15,1,0,0,0,0,0.0
Mon,12:30,1,0.7,0.7,0.7,0.1,0.067
Mon,12:45,1,0,0,0,0,0.0
Mon,13:00,1,0,0,0,0,0.0
Mon,13:15,1,0,0,0,0,0.0
Mon,13:30,1,0,0,0,0,0.0
Mon,13:45,1,0,0,0,0,0.0
Mon,14:00,1,0,0,0,0,0.0
Mon,14:15,1,0,0,0,0,0.0
Mon,14:30,1,0,0,0,0,0.0
Mon,14:45,1,0,0,0,0,0.0
Tue,06:30,1,0,0,0,0,0.0
Tue,06:45,1,0,0,0,0,0.0
Tue,07:00,1,0,0,0,0,0.0
Tue,07:15,1,0,0,0,0,0.0
Tue,07:30,1,0,0,0,0,0.0
Tue,07:45,1,0,0,0,0,0.0
Tue,08:00,1,0,0,0,0,0.0
Tue,08:15,1,0,0,0,0,0.0
Tue,08:30,1,0,0,0,0,0.0
Tue,08:45,1,0,0,0,0,0.0
Tue,09:00,1,0,0,0,0,0.0
Tue,09:15,1,0,0,0,0,0.0
Tue,09:30,1,0.7,0.7,0.7,0.1,0.067
Tue,09:45,1,0,0,0,0,0.0
Tue,10:00,1,0,0,0,0,0.0
Tue,10:15,1,0,0,0,0,0.0
Tue,10:30,0,,,,,
Tue,10:45,1,0,0,0,0,0.0
Tue,11:00,1,0,0,0,0,0.0
Tue,11:15,1,12.7,12.7,12.7,1.9,0.933
Tue,11:30,1,0,0,0,0,0.0
Tue,11:45,1,0,0,0,0,0.0
Tue,12:00,1,0,0,0,0,0.0
Tue,12:15,1,0,0,0,0,0.0
Tue,12:30,1,0,0,0,0,0.0
Tue,12:45,1,0,0,0,0,0.0
Tue,13:00,1,0,0,0,0,0.0
Tue,13:15,1,0,0,0,0,0.0
Tue,13:30,1,0,0,0,0,0.0
Tue,13:45,1,0,0,0,0,0.0
Tue,14:00,1,0,0,0,0,0.0
Tue,14:15,1,0,0,0,0,0.0
Tue,14:30,1,0,0,0,0,0.0
Tue,14:45,1,0,0,0,0,0.0
Wed,06:30,1,0,0,0,0,0.0
Wed,06:45,1,0,0,0,0,0.0
Wed,07:00,1,0,0,0,0,0.0
Wed,07:15,1,0,0,0,0,0.0
Wed,07:30,1,0,0,0,0,0.0
Wed,07:45,1,0,0,0,0,0.0
Wed,08:00,1,0,0,0,0,0.0
Wed,08:15,1,0,0,0,0,0.0
Wed,08:30,1,0,0,0,0,0.0
Wed,08:45,1,0.7,0.7,0.7,0.1,0.067
Wed,09:00,1,0,0,0,0,0.0
Wed,09:15,1,8.7,8.7,8.7,1.3,0.6
Wed,09:30,1,16.7,16.7,16.7,4.4,1.0
Wed,09:45,1,14.7,14.7,14.7,2.2,1.0
Wed,10:00,1,8.7,8.7,8.7,0.9,0.867
Wed,10:15,1,11.7,11.7,11.7,2.5,0.8
Wed,10:30,0,,,,,
Wed,10:45,1,19.2,19.2,19.2,6.7,1.0
Wed,11:00,1,16.7,16.7,16.7,4.6,1.0
Wed,11:15,1,15.0,15.0,15.0,2.7,1.0
Wed,11:30,1,15.0,15.0,15.0,2.9,1.0
Wed,11:45,1,15.0,15.0,15.0,3,1.0
Wed,12:00,1,14.3,14.3,14.3,2.1,1.0
Wed,12:15,1,12.0,12.0,12.0,1.4,1.0
Wed,12:30,1,10.0,10.0,10.0,1,1.0
Wed,12:45,1,10.7,10.7,10.7,1.1,1.0
Wed,13:00,1,14.0,14.0,14.0,2.8,1.0
Wed,13:15,1,10.3,10.3,10.3,1.1,1.0
Wed,13:30,1,10.0,10.0,10.0,1,1.0
Wed,13:45,1,10.0,10.0,10.0,1,1.0
Wed,14:00,1,10.0,10.0,10.0,1,1.0
Wed,14:15,1,10.0,10.0,10.0,1,1.0
Wed,14:30,1,10.0,10.0,10.0,1,1.0
Wed,14:45,1,10.0,10.0,10.0,1,1.0
Thu,06:30,1,0,0,0,0,0.0
Thu,06:45,1,0,0,0,0,0.0
Thu,07:00,1,0,0,0,0,0.0
Thu,07:15,1,0,0,0,0,0.0
Thu,07:30,1,0,0,0,0,0.0
Thu,07:45,1,0,0,0,0,0.0
Thu,08:00,1,0,0,0,0,0.0
Thu,08:15,1,0,0,0,0,0.0
Thu,08:30,1,0,0,0,0,0.0
Thu,08:45,1,0,0,0,0,0.0
Thu,09:00,1,0,0,0,0,0.0
Thu,09:15,1,0,0,0,0,0.0
Thu,09:30,1,0,0,0,0,0.0
Thu,09:45,1,6.7,6.7,6.7,0.7,0.667
Thu,10:00,1,0,0,0,0,0.0
Thu,10:15,1,0,0,0,0,0.0
Thu,10:30,0,,,,,
Thu,10:45,1,9.0,9.0,9.0,3.2,0.5
Thu,11:00,1,17.7,17.7,17.7,5.7,1.0
Thu,11:15,1,15.7,15.7,15.7,3.8,1.0
Thu,11:30,1,25.3,25.3,25.3,11.3,1.0
Thu,11:45,1,25.3,25.3,25.3,11.1,1.0
Thu,12:00,1,22.0,22.0,22.0,9.1,1.0
Thu,12:15,1,15.0,15.0,15.0,3.5,1.0
Thu,12:30,1,15.7,15.7,15.7,3.9,1.0
Thu,12:45,1,5.7,5.7,5.7,1.6,0.4
Thu,13:00,1,9.3,9.3,9.3,0.9,0.933
Thu,13:15,1,6.0,6.0,6.0,0.6,0.6
Thu,13:30,1,0,0,0,0,0.0
Thu,13:45,1,0,0,0,0,0.0
Thu,14:00,1,0,0,0,0,0.0
Thu,14:15,1,0,0,0,0,0.0
Thu,14:30,1,0,0,0,0,0.0
Thu,14:45,1,0,0,0,0,0.0
Fri,06:30,1,0,0,0,0,0.0
Fri,06:45,1,0,0,0,0,0.0
Fri,07:00,1,0,0,0,0,0.0
Fri,07:15,1,0,0,0,0,0.0
Fri,07:30,1,0,0,0,0,0.0
Fri,07:45,1,0,0,0,0,0.0
Fri,08:00,1,0,0,0,0,0.0
Fri,08:15,1,0,0,0,0,0.0
Fri,08:30,1,0,0,0,0,0.0
Fri,08:45,1,0,0,0,0,0.0
Fri,09:00,1,6.7,6.7,6.7,0.7,0.6
Fri,09:15,1,3.0,3.0,3.0,0.3,0.267
Fri,09:30,1,18.3,18.3,18.3,6.1,1.0
Fri,09:45,1,15.3,15.3,15.3,4.5,1.0
Fri,10:00,1,18.7,18.7,18.7,6.1,1.0
Fri,10:15,1,16.3,16.3,16.3,4.6,1.0
Fri,10:30,0,,,,,
Fri,10:45,1,29.0,29.0,29.0,14,1.0
Fri,11:00,1,39.7,39.7,39.7,21.1,1.0
Fri,11:15,1,31.0,31.0,31.0,15.5,1.0
Fri,11:30,1,28.0,28.0,28.0,13.1,1.0
Fri,11:45,1,23.0,23.0,23.0,9.2,1.0
Fri,12:00,1,22.3,22.3,22.3,9.3,1.0
Fri,12:15,1,13.3,13.3,13.3,2.7,1.0
Fri,12:30,1,4.7,4.7,4.7,0.5,0.467
Fri,12:45,1,13.0,13.0,13.0,1.7,0.933
Fri,13:00,1,0.7,0.7,0.7,0.1,0.067
Fri,13:15,1,0,0,0,0,0.0
Fri,13:30,1,0,0,0,0,0.0
Fri,13:45,1,0,0,0,0,0.0
Fri,14:00,1,0,0,0,0,0.0
Fri,14:15,1,0,0,0,0,0.0
Fri,14:30,1,0,0,0,0,0.0
Fri,14:45,1,0,0,0,0,0.0
Sat,06:30,1,0,0,0,0,0.0
Sat,06:45,1,0,0,0,0,0.0
Sat,07:00,1,0,0,0,0,0.0
Sat,07:15,1,0,0,0,0,0.0
Sat,07:30,1,0,0,0,0,0.0
Sat,07:45,1,0,0,0,0,0.0
Sat,08:00,1,0,0,0,0,0.0
Sat,08:15,1,3.3,3.3,3.3,0.3,0.333
Sat,08:30,1,13.7,13.7,13.7,1.8,1.0
Sat,08:45,1,20.7,20.7,20.7,7.1,1.0
Sat,09:00,1,38.7,38.7,38.7,20.7,1.0
Sat,09:15,1,55.0,55.0,55.0,32.7,1.0
Sat,09:30,1,63.8,63.8,63.8,40,1.0
Sat,09:45,1,61.2,61.2,61.2,37.2,1.0
Sat,10:00,1,69.8,69.8,69.8,45.8,1.0
Sat,10:15,1,68.8,68.8,68.8,44.6,1.0
Sat,10:30,1,71.0,71.0,71.0,46.1,1.0
Sat,10:45,1,63.5,63.5,63.5,40.6,1.0
Sat,11:00,1,60.0,60.0,60.0,36.6,1.0
Sat,11:15,1,59.2,59.2,59.2,35.1,1.0
Sat,11:30,1,59.7,59.7,59.7,36.8,1.0
Sat,11:45,1,60.2,60.2,60.2,36.7,1.0
Sat,12:00,1,45.0,45.0,45.0,25.2,1.0
Sat,12:15,1,36.7,36.7,36.7,18.8,1.0
Sat,12:30,1,23.7,23.7,23.7,10.3,1.0
Sat,12:45,1,19.3,19.3,19.3,7.4,1.0
Sat,13:00,1,15.3,15.3,15.3,3.9,1.0
Sat,13:15,1,15.0,15.0,15.0,4.3,1.0
Sat,13:30,1,15.0,15.0,15.0,4.2,1.0
Sat,13:45,1,6.0,6.0,6.0,2,0.4
Sat,14:00,1,0,0,0,0,0.0
Sat,14:15,1,0,0,0,0,0.0
Sat,14:30,1,0,0,0,0,0.0
Sat,14:45,1,0,0,0,0,0.0
Sun,06:30,1,0,0,0,0,0.0
Sun,06:45,1,0,0,0,0,0.0
Sun,07:00,1,0,0,0,0,0.0
Sun,07:15,1,0,0,0,0,0.0
Sun,07:30,1,0,0,0,0,0.0
Sun,07:45,1,0,0,0,0,0.0
Sun,08:00,1,0,0,0,0,0.0
Sun,08:15,1,0,0,0,0,0.0
Sun,08:30,1,0,0,0,0,0.0
Sun,08:45,1,0.7,0.7,0.7,0.1,0.067
Sun,09:00,1,13.3,13.3,13.3,4.1,0.733
Sun,09:15,1,29.7,29.7,29.7,14.3,1.0
Sun,09:30,1,44.3,44.3,44.3,24.9,1.0
Sun,09:45,1,47.7,47.7,47.7,26.9,1.0
Sun,10:00,1,60.5,60.5,60.5,37.1,1.0
Sun,10:15,1,57.5,57.5,57.5,34.8,1.0
Sun,10:30,1,60.0,60.0,60.0,37.1,1.0
Sun,10:45,1,71.2,71.2,71.2,46.1,1.0
Sun,11:00,1,74.2,74.2,74.2,47.9,1.0
Sun,11:15,1,69.5,69.5,69.5,45.5,1.0
Sun,11:30,1,62.2,62.2,62.2,38.4,1.0
Sun,11:45,1,50.0,50.0,50.0,29.1,1.0
Sun,12:00,1,45.7,45.7,45.7,26.4,1.0
Sun,12:15,1,45.3,45.3,45.3,25.5,1.0
Sun,12:30,1,40.3,40.3,40.3,21.8,1.0
Sun,12:45,1,39.3,39.3,39.3,21.3,1.0
Sun,13:00,1,35.0,35.0,35.0,18.3,1.0
Sun,13:15,1,24.0,24.0,24.0,10.3,1.0
Sun,13:30,1,15.0,15.0,15.0,3.7,1.0
Sun,13:45,1,1.0,1.0,1.0,0.3,0.067
Sun,14:00,1,0,0,0,0,0.0
Sun,14:15,1,0,0,0,0,0.0
Sun,14:30,1,0,0,0,0,0.0
Sun,14:45,1,0,0,0,0,0.0
